[{"pk": 1, "model": "core.film", "fields": {"directors": [], "release_year": 1994, "title": "The Shawshank Redemption", "is_enh9": false, "image": "img/objects/t/the-shawshank-redemption__.jpg", "popularity": 2, "imdb_code": "0111161", "popularity_month": 0, "title_normalized": "shawshank redemption", "writers": [], "production_country_list": "USA,", "verified_imdb_code": false, "production_country": [1], "release_date": null, "criticker_id": null}}, {"pk": 139, "model": "core.film", "fields": {"directors": [], "release_year": 1974, "title": "The Godfather: Part II", "is_enh9": false, "image": "img/objects/t/the-godfather-part-ii__.jpg", "popularity": 1, "imdb_code": "0071562", "popularity_month": 0, "title_normalized": "godfather part 2", "writers": [], "production_country_list": "USA,", "verified_imdb_code": false, "production_country": [1], "release_date": null, "criticker_id": null}}, {"pk": 67, "model": "core.film", "fields": {"directors": [], "release_year": 1972, "title": "The Godfather", "is_enh9": false, "image": "img/objects/t/the-godfather__.jpg", "popularity": 2, "imdb_code": "0068646", "popularity_month": 0, "title_normalized": "godfather", "writers": [], "production_country_list": "USA,", "verified_imdb_code": false, "production_country": [1], "release_date": null, "criticker_id": null}}, {"pk": 250, "model": "core.film", "fields": {"directors": [], "release_year": 1994, "title": "Pulp Fiction", "is_enh9": false, "image": "img/objects/p/pulp-fiction__.jpg", "popularity": 1, "imdb_code": "0110912", "popularity_month": 0, "title_normalized": "pulp fiction", "writers": [], "production_country_list": "USA,", "verified_imdb_code": false, "production_country": [1], "release_date": null, "criticker_id": null}}, {"pk": 207, "model": "core.film", "fields": {"directors": [], "release_year": 1966, "title": "Il buono, il brutto, il cattivo.", "is_enh9": false, "image": "img/objects/i/il-buono-il-brutto-il-cattivo__.jpg", "popularity": 2, "imdb_code": "0060196", "popularity_month": 0, "title_normalized": "buono brutto cattivo", "writers": [], "production_country_list": "ItalySpainWest Germany,", "verified_imdb_code": false, "production_country": [2], "release_date": null, "criticker_id": null}}, {"pk": 304, "model": "core.film", "fields": {"directors": [], "release_year": 1993, "title": "Schindler's List", "is_enh9": false, "image": "img/objects/s/schindlers-list__.jpg", "popularity": 1, "imdb_code": "0108052", "popularity_month": 0, "title_normalized": "schindler list", "writers": [], "production_country_list": "USA,", "verified_imdb_code": false, "production_country": [1], "release_date": null, "criticker_id": null}}, {"pk": 447, "model": "core.film", "fields": {"directors": [], "release_year": 1957, "title": "12 Angry Men", "is_enh9": false, "image": "img/objects/1/12-angry-men__.jpg", "popularity": 1, "imdb_code": "0050083", "popularity_month": 0, "title_normalized": "12 angry men", "writers": [], "production_country_list": "USA,", "verified_imdb_code": false, "production_country": [1], "release_date": null, "criticker_id": null}}, {"pk": 465, "model": "core.film", "fields": {"directors": [], "release_year": 1975, "title": "One Flew Over the Cuckoo's Nest", "is_enh9": false, "image": "img/objects/o/one-flew-over-the-cuckoos-nest__.jpg", "popularity": 1, "imdb_code": "0073486", "popularity_month": 0, "title_normalized": "1 flew over cuckoo nest", "writers": [], "production_country_list": "USA,", "verified_imdb_code": false, "production_country": [1], "release_date": null, "criticker_id": null}}, {"pk": 506, "model": "core.film", "fields": {"directors": [], "release_year": 1980, "title": "Star Wars: Episode V - The Empire Strikes Back", "is_enh9": false, "image": "img/objects/s/star-wars-episode-v-the-empire-strikes-back__.jpg", "popularity": 1, "imdb_code": "0080684", "popularity_month": 0, "title_normalized": "star wars episode 5 empire strikes back", "writers": [], "production_country_list": "USA,", "verified_imdb_code": false, "production_country": [1], "release_date": null, "criticker_id": null}}, {"pk": 576, "model": "core.film", "fields": {"directors": [], "release_year": 2008, "title": "The Dark Knight", "is_enh9": false, "image": "img/objects/t/the-dark-knight__.jpg", "popularity": 1, "imdb_code": "0468569", "popularity_month": 0, "title_normalized": "dark knight", "writers": [], "production_country_list": "USAUK,", "verified_imdb_code": false, "production_country": [3], "release_date": null, "criticker_id": null}}, {"pk": 3, "model": "core.object", "fields": {"status": 1, "number_of_comments": null, "permalink": "tim-robbins", "version": 2, "type": 2}}, {"pk": 5, "model": "core.object", "fields": {"status": 1, "number_of_comments": null, "permalink": "bob-gunton", "version": 2, "type": 2}}, {"pk": 6, "model": "core.object", "fields": {"status": 1, "number_of_comments": null, "permalink": "william-sadler", "version": 2, "type": 2}}, {"pk": 7, "model": "core.object", "fields": {"status": 1, "number_of_comments": null, "permalink": "clancy-brown", "version": 2, "type": 2}}, {"pk": 8, "model": "core.object", "fields": {"status": 1, "number_of_comments": null, "permalink": "gil-bellows", "version": 2, "type": 2}}, {"pk": 9, "model": "core.object", "fields": {"status": 1, "number_of_comments": null, "permalink": "mark-rolston", "version": 2, "type": 2}}, {"pk": 10, "model": "core.object", "fields": {"status": 1, "number_of_comments": null, "permalink": "james-whitmore", "version": 2, "type": 2}}, {"pk": 11, "model": "core.object", "fields": {"status": 1, "number_of_comments": null, "permalink": "jeffrey-demunn", "version": 2, "type": 2}}, {"pk": 12, "model": "core.object", "fields": {"status": 1, "number_of_comments": null, "permalink": "larry-brandenburg", "version": 2, "type": 2}}, {"pk": 70, "model": "core.object", "fields": {"status": 1, "number_of_comments": null, "permalink": "al-pacino", "version": 3, "type": 2}}, {"pk": 69, "model": "core.object", "fields": {"status": 1, "number_of_comments": null, "permalink": "marlon-brando", "version": 2, "type": 2}}, {"pk": 72, "model": "core.object", "fields": {"status": 1, "number_of_comments": null, "permalink": "richard-s-castellano", "version": 2, "type": 2}}, {"pk": 74, "model": "core.object", "fields": {"status": 1, "number_of_comments": null, "permalink": "sterling-hayden", "version": 2, "type": 2}}, {"pk": 75, "model": "core.object", "fields": {"status": 1, "number_of_comments": null, "permalink": "john-marley", "version": 2, "type": 2}}, {"pk": 76, "model": "core.object", "fields": {"status": 1, "number_of_comments": null, "permalink": "richard-conte", "version": 2, "type": 2}}, {"pk": 77, "model": "core.object", "fields": {"status": 1, "number_of_comments": null, "permalink": "al-lettieri", "version": 2, "type": 2}}, {"pk": 73, "model": "core.object", "fields": {"status": 1, "number_of_comments": null, "permalink": "robert-duvall", "version": 3, "type": 2}}, {"pk": 78, "model": "core.object", "fields": {"status": 1, "number_of_comments": null, "permalink": "diane-keaton", "version": 3, "type": 2}}, {"pk": 4, "model": "core.object", "fields": {"status": 1, "number_of_comments": null, "permalink": "morgan-freeman", "version": 3, "type": 2}}, {"pk": 1, "model": "core.object", "fields": {"status": 1, "number_of_comments": null, "permalink": "the-shawshank-redemption", "version": 6, "type": 1}}, {"pk": 140, "model": "core.object", "fields": {"status": 1, "number_of_comments": null, "permalink": "robert-de-niro", "version": 2, "type": 2}}, {"pk": 82, "model": "core.object", "fields": {"status": 1, "number_of_comments": null, "permalink": "john-cazale", "version": 3, "type": 2}}, {"pk": 80, "model": "core.object", "fields": {"status": 1, "number_of_comments": null, "permalink": "talia-shire", "version": 3, "type": 2}}, {"pk": 141, "model": "core.object", "fields": {"status": 1, "number_of_comments": null, "permalink": "lee-strasberg", "version": 2, "type": 2}}, {"pk": 142, "model": "core.object", "fields": {"status": 1, "number_of_comments": null, "permalink": "michael-v-gazzo", "version": 2, "type": 2}}, {"pk": 143, "model": "core.object", "fields": {"status": 1, "number_of_comments": null, "permalink": "gd-spradlin", "version": 2, "type": 2}}, {"pk": 89, "model": "core.object", "fields": {"status": 1, "number_of_comments": null, "permalink": "richard-bright", "version": 3, "type": 2}}, {"pk": 71, "model": "core.object", "fields": {"status": 1, "number_of_comments": null, "permalink": "james-caan", "version": 3, "type": 2}}, {"pk": 139, "model": "core.object", "fields": {"status": 1, "number_of_comments": null, "permalink": "the-godfather-part-ii", "version": 5, "type": 1}}, {"pk": 209, "model": "core.object", "fields": {"status": 1, "number_of_comments": null, "permalink": "eli-wallach", "version": 2, "type": 2}}, {"pk": 210, "model": "core.object", "fields": {"status": 1, "number_of_comments": null, "permalink": "clint-eastwood", "version": 2, "type": 2}}, {"pk": 211, "model": "core.object", "fields": {"status": 1, "number_of_comments": null, "permalink": "lee-van-cleef", "version": 2, "type": 2}}, {"pk": 212, "model": "core.object", "fields": {"status": 1, "number_of_comments": null, "permalink": "aldo-giuffre", "version": 2, "type": 2}}, {"pk": 213, "model": "core.object", "fields": {"status": 1, "number_of_comments": null, "permalink": "luigi-pistilli", "version": 2, "type": 2}}, {"pk": 214, "model": "core.object", "fields": {"status": 1, "number_of_comments": null, "permalink": "rada-rassimov", "version": 2, "type": 2}}, {"pk": 215, "model": "core.object", "fields": {"status": 1, "number_of_comments": null, "permalink": "enzo-petito", "version": 2, "type": 2}}, {"pk": 216, "model": "core.object", "fields": {"status": 1, "number_of_comments": null, "permalink": "claudio-scarchilli", "version": 2, "type": 2}}, {"pk": 217, "model": "core.object", "fields": {"status": 1, "number_of_comments": null, "permalink": "john-bartha", "version": 2, "type": 2}}, {"pk": 218, "model": "core.object", "fields": {"status": 1, "number_of_comments": null, "permalink": "livio-lorenzon", "version": 2, "type": 2}}, {"pk": 67, "model": "core.object", "fields": {"status": 1, "number_of_comments": null, "permalink": "the-godfather", "version": 6, "type": 1}}, {"pk": 252, "model": "core.object", "fields": {"status": 1, "number_of_comments": null, "permalink": "john-travolta", "version": 2, "type": 2}}, {"pk": 253, "model": "core.object", "fields": {"status": 1, "number_of_comments": null, "permalink": "samuel-l-jackson", "version": 2, "type": 2}}, {"pk": 254, "model": "core.object", "fields": {"status": 1, "number_of_comments": null, "permalink": "tim-roth", "version": 2, "type": 2}}, {"pk": 255, "model": "core.object", "fields": {"status": 1, "number_of_comments": null, "permalink": "amanda-plummer", "version": 2, "type": 2}}, {"pk": 256, "model": "core.object", "fields": {"status": 1, "number_of_comments": null, "permalink": "eric-stoltz", "version": 2, "type": 2}}, {"pk": 257, "model": "core.object", "fields": {"status": 1, "number_of_comments": null, "permalink": "bruce-willis", "version": 2, "type": 2}}, {"pk": 258, "model": "core.object", "fields": {"status": 1, "number_of_comments": null, "permalink": "ving-rhames", "version": 2, "type": 2}}, {"pk": 259, "model": "core.object", "fields": {"status": 1, "number_of_comments": null, "permalink": "phil-lamarr", "version": 2, "type": 2}}, {"pk": 260, "model": "core.object", "fields": {"status": 1, "number_of_comments": null, "permalink": "maria-de-medeiros", "version": 2, "type": 2}}, {"pk": 261, "model": "core.object", "fields": {"status": 1, "number_of_comments": null, "permalink": "rosanna-arquette", "version": 2, "type": 2}}, {"pk": 250, "model": "core.object", "fields": {"status": 1, "number_of_comments": null, "permalink": "pulp-fiction", "version": 5, "type": 1}}, {"pk": 306, "model": "core.object", "fields": {"status": 1, "number_of_comments": null, "permalink": "liam-neeson", "version": 2, "type": 2}}, {"pk": 307, "model": "core.object", "fields": {"status": 1, "number_of_comments": null, "permalink": "ben-kingsley", "version": 2, "type": 2}}, {"pk": 308, "model": "core.object", "fields": {"status": 1, "number_of_comments": null, "permalink": "ralph-fiennes", "version": 2, "type": 2}}, {"pk": 309, "model": "core.object", "fields": {"status": 1, "number_of_comments": null, "permalink": "caroline-goodall", "version": 2, "type": 2}}, {"pk": 310, "model": "core.object", "fields": {"status": 1, "number_of_comments": null, "permalink": "jonathan-sagall", "version": 2, "type": 2}}, {"pk": 311, "model": "core.object", "fields": {"status": 1, "number_of_comments": null, "permalink": "embeth-davidtz", "version": 2, "type": 2}}, {"pk": 312, "model": "core.object", "fields": {"status": 1, "number_of_comments": null, "permalink": "malgoscha-gebel", "version": 2, "type": 2}}, {"pk": 313, "model": "core.object", "fields": {"status": 1, "number_of_comments": null, "permalink": "shmuel-levy", "version": 2, "type": 2}}, {"pk": 314, "model": "core.object", "fields": {"status": 1, "number_of_comments": null, "permalink": "mark-ivanir", "version": 2, "type": 2}}, {"pk": 315, "model": "core.object", "fields": {"status": 1, "number_of_comments": null, "permalink": "beatrice-macola", "version": 2, "type": 2}}, {"pk": 207, "model": "core.object", "fields": {"status": 1, "number_of_comments": null, "permalink": "il-buono-il-brutto-il-cattivo", "version": 6, "type": 1}}, {"pk": 449, "model": "core.object", "fields": {"status": 1, "number_of_comments": null, "permalink": "martin-balsam", "version": 2, "type": 2}}, {"pk": 450, "model": "core.object", "fields": {"status": 1, "number_of_comments": null, "permalink": "john-fiedler", "version": 2, "type": 2}}, {"pk": 451, "model": "core.object", "fields": {"status": 1, "number_of_comments": null, "permalink": "lee-j-cobb", "version": 2, "type": 2}}, {"pk": 452, "model": "core.object", "fields": {"status": 1, "number_of_comments": null, "permalink": "eg-marshall", "version": 2, "type": 2}}, {"pk": 453, "model": "core.object", "fields": {"status": 1, "number_of_comments": null, "permalink": "jack-klugman", "version": 2, "type": 2}}, {"pk": 454, "model": "core.object", "fields": {"status": 1, "number_of_comments": null, "permalink": "edward-binns", "version": 2, "type": 2}}, {"pk": 455, "model": "core.object", "fields": {"status": 1, "number_of_comments": null, "permalink": "jack-warden", "version": 2, "type": 2}}, {"pk": 456, "model": "core.object", "fields": {"status": 1, "number_of_comments": null, "permalink": "henry-fonda", "version": 2, "type": 2}}, {"pk": 457, "model": "core.object", "fields": {"status": 1, "number_of_comments": null, "permalink": "joseph-sweeney", "version": 2, "type": 2}}, {"pk": 458, "model": "core.object", "fields": {"status": 1, "number_of_comments": null, "permalink": "ed-begley", "version": 2, "type": 2}}, {"pk": 304, "model": "core.object", "fields": {"status": 1, "number_of_comments": null, "permalink": "schindlers-list", "version": 5, "type": 1}}, {"pk": 467, "model": "core.object", "fields": {"status": 1, "number_of_comments": null, "permalink": "michael-berryman", "version": 2, "type": 2}}, {"pk": 468, "model": "core.object", "fields": {"status": 1, "number_of_comments": null, "permalink": "peter-brocco", "version": 2, "type": 2}}, {"pk": 469, "model": "core.object", "fields": {"status": 1, "number_of_comments": null, "permalink": "dean-r-brooks", "version": 2, "type": 2}}, {"pk": 470, "model": "core.object", "fields": {"status": 1, "number_of_comments": null, "permalink": "alonzo-brown", "version": 2, "type": 2}}, {"pk": 471, "model": "core.object", "fields": {"status": 1, "number_of_comments": null, "permalink": "scatman-crothers", "version": 2, "type": 2}}, {"pk": 472, "model": "core.object", "fields": {"status": 1, "number_of_comments": null, "permalink": "mwako-cumbuka", "version": 2, "type": 2}}, {"pk": 473, "model": "core.object", "fields": {"status": 1, "number_of_comments": null, "permalink": "danny-devito", "version": 2, "type": 2}}, {"pk": 474, "model": "core.object", "fields": {"status": 1, "number_of_comments": null, "permalink": "william-duell", "version": 2, "type": 2}}, {"pk": 475, "model": "core.object", "fields": {"status": 1, "number_of_comments": null, "permalink": "josip-elic", "version": 2, "type": 2}}, {"pk": 476, "model": "core.object", "fields": {"status": 1, "number_of_comments": null, "permalink": "lan-fendors", "version": 2, "type": 2}}, {"pk": 447, "model": "core.object", "fields": {"status": 1, "number_of_comments": null, "permalink": "12-angry-men", "version": 5, "type": 1}}, {"pk": 508, "model": "core.object", "fields": {"status": 1, "number_of_comments": null, "permalink": "mark-hamill", "version": 2, "type": 2}}, {"pk": 509, "model": "core.object", "fields": {"status": 1, "number_of_comments": null, "permalink": "harrison-ford", "version": 2, "type": 2}}, {"pk": 510, "model": "core.object", "fields": {"status": 1, "number_of_comments": null, "permalink": "carrie-fisher", "version": 2, "type": 2}}, {"pk": 511, "model": "core.object", "fields": {"status": 1, "number_of_comments": null, "permalink": "billy-dee-williams", "version": 2, "type": 2}}, {"pk": 512, "model": "core.object", "fields": {"status": 1, "number_of_comments": null, "permalink": "anthony-daniels", "version": 2, "type": 2}}, {"pk": 513, "model": "core.object", "fields": {"status": 1, "number_of_comments": null, "permalink": "david-prowse", "version": 2, "type": 2}}, {"pk": 514, "model": "core.object", "fields": {"status": 1, "number_of_comments": null, "permalink": "peter-mayhew", "version": 2, "type": 2}}, {"pk": 515, "model": "core.object", "fields": {"status": 1, "number_of_comments": null, "permalink": "kenny-baker", "version": 2, "type": 2}}, {"pk": 516, "model": "core.object", "fields": {"status": 1, "number_of_comments": null, "permalink": "frank-oz", "version": 2, "type": 2}}, {"pk": 517, "model": "core.object", "fields": {"status": 1, "number_of_comments": null, "permalink": "alec-guinness", "version": 2, "type": 2}}, {"pk": 465, "model": "core.object", "fields": {"status": 1, "number_of_comments": null, "permalink": "one-flew-over-the-cuckoos-nest", "version": 5, "type": 1}}, {"pk": 506, "model": "core.object", "fields": {"status": 1, "number_of_comments": null, "permalink": "star-wars-episode-v-the-empire-strikes-back", "version": 5, "type": 1}}, {"pk": 578, "model": "core.object", "fields": {"status": 1, "number_of_comments": null, "permalink": "christian-bale", "version": 2, "type": 2}}, {"pk": 579, "model": "core.object", "fields": {"status": 1, "number_of_comments": null, "permalink": "heath-ledger", "version": 2, "type": 2}}, {"pk": 580, "model": "core.object", "fields": {"status": 1, "number_of_comments": null, "permalink": "aaron-eckhart", "version": 2, "type": 2}}, {"pk": 581, "model": "core.object", "fields": {"status": 1, "number_of_comments": null, "permalink": "michael-caine", "version": 2, "type": 2}}, {"pk": 582, "model": "core.object", "fields": {"status": 1, "number_of_comments": null, "permalink": "maggie-gyllenhaal", "version": 2, "type": 2}}, {"pk": 583, "model": "core.object", "fields": {"status": 1, "number_of_comments": null, "permalink": "gary-oldman", "version": 2, "type": 2}}, {"pk": 584, "model": "core.object", "fields": {"status": 1, "number_of_comments": null, "permalink": "monique-gabriela-curnen", "version": 2, "type": 2}}, {"pk": 585, "model": "core.object", "fields": {"status": 1, "number_of_comments": null, "permalink": "ron-dean", "version": 2, "type": 2}}, {"pk": 586, "model": "core.object", "fields": {"status": 1, "number_of_comments": null, "permalink": "cillian-murphy", "version": 2, "type": 2}}, {"pk": 576, "model": "core.object", "fields": {"status": 1, "number_of_comments": null, "permalink": "the-dark-knight", "version": 5, "type": 1}}, {"pk": 261, "model": "core.person", "fields": {"surname": "Arquette", "name": "Rosanna", "parent": 261, "actor_popularity_month": 0, "writer_popularity": 0, "gender": null, "image": "", "imdb_code": "0000275", "month_of_birth": null, "actor_popularity": 0, "is_director": false, "writer_popularity_month": 0, "year_of_birth": null, "is_actor": true, "director_popularity": 0, "is_writer": false, "day_of_birth": null, "director_popularity_month": 0}}, {"pk": 515, "model": "core.person", "fields": {"surname": "Baker", "name": "Kenny", "parent": 515, "actor_popularity_month": 0, "writer_popularity": 0, "gender": null, "image": "", "imdb_code": "0048652", "month_of_birth": null, "actor_popularity": 0, "is_director": false, "writer_popularity_month": 0, "year_of_birth": null, "is_actor": true, "director_popularity": 0, "is_writer": false, "day_of_birth": null, "director_popularity_month": 0}}, {"pk": 578, "model": "core.person", "fields": {"surname": "Bale", "name": "Christian", "parent": 578, "actor_popularity_month": 0, "writer_popularity": 0, "gender": null, "image": "", "imdb_code": "0000288", "month_of_birth": null, "actor_popularity": 0, "is_director": false, "writer_popularity_month": 0, "year_of_birth": null, "is_actor": true, "director_popularity": 0, "is_writer": false, "day_of_birth": null, "director_popularity_month": 0}}, {"pk": 449, "model": "core.person", "fields": {"surname": "Balsam", "name": "Martin", "parent": 449, "actor_popularity_month": 0, "writer_popularity": 0, "gender": null, "image": "", "imdb_code": "0000842", "month_of_birth": null, "actor_popularity": 0, "is_director": false, "writer_popularity_month": 0, "year_of_birth": null, "is_actor": true, "director_popularity": 0, "is_writer": false, "day_of_birth": null, "director_popularity_month": 0}}, {"pk": 217, "model": "core.person", "fields": {"surname": "Bartha", "name": "John", "parent": 217, "actor_popularity_month": 0, "writer_popularity": 0, "gender": null, "image": "", "imdb_code": "0058384", "month_of_birth": null, "actor_popularity": 0, "is_director": false, "writer_popularity_month": 0, "year_of_birth": null, "is_actor": true, "director_popularity": 0, "is_writer": false, "day_of_birth": null, "director_popularity_month": 0}}, {"pk": 458, "model": "core.person", "fields": {"surname": "Begley", "name": "Ed", "parent": 458, "actor_popularity_month": 0, "writer_popularity": 0, "gender": null, "image": "", "imdb_code": "0003225", "month_of_birth": null, "actor_popularity": 0, "is_director": false, "writer_popularity_month": 0, "year_of_birth": null, "is_actor": true, "director_popularity": 0, "is_writer": false, "day_of_birth": null, "director_popularity_month": 0}}, {"pk": 8, "model": "core.person", "fields": {"surname": "Bellows", "name": "Gil", "parent": 8, "actor_popularity_month": 0, "writer_popularity": 0, "gender": null, "image": "", "imdb_code": "0004743", "month_of_birth": null, "actor_popularity": 0, "is_director": false, "writer_popularity_month": 0, "year_of_birth": null, "is_actor": true, "director_popularity": 0, "is_writer": false, "day_of_birth": null, "director_popularity_month": 0}}, {"pk": 467, "model": "core.person", "fields": {"surname": "Berryman", "name": "Michael", "parent": 467, "actor_popularity_month": 0, "writer_popularity": 0, "gender": null, "image": "", "imdb_code": "0077720", "month_of_birth": null, "actor_popularity": 0, "is_director": false, "writer_popularity_month": 0, "year_of_birth": null, "is_actor": true, "director_popularity": 0, "is_writer": false, "day_of_birth": null, "director_popularity_month": 0}}, {"pk": 454, "model": "core.person", "fields": {"surname": "Binns", "name": "Edward", "parent": 454, "actor_popularity_month": 0, "writer_popularity": 0, "gender": null, "image": "", "imdb_code": "0083081", "month_of_birth": null, "actor_popularity": 0, "is_director": false, "writer_popularity_month": 0, "year_of_birth": null, "is_actor": true, "director_popularity": 0, "is_writer": false, "day_of_birth": null, "director_popularity_month": 0}}, {"pk": 12, "model": "core.person", "fields": {"surname": "Brandenburg", "name": "Larry", "parent": 12, "actor_popularity_month": 0, "writer_popularity": 0, "gender": null, "image": "", "imdb_code": "0104594", "month_of_birth": null, "actor_popularity": 0, "is_director": false, "writer_popularity_month": 0, "year_of_birth": null, "is_actor": true, "director_popularity": 0, "is_writer": false, "day_of_birth": null, "director_popularity_month": 0}}, {"pk": 69, "model": "core.person", "fields": {"surname": "Brando", "name": "Marlon", "parent": 69, "actor_popularity_month": 0, "writer_popularity": 0, "gender": null, "image": "", "imdb_code": "0000008", "month_of_birth": null, "actor_popularity": 0, "is_director": false, "writer_popularity_month": 0, "year_of_birth": null, "is_actor": true, "director_popularity": 0, "is_writer": false, "day_of_birth": null, "director_popularity_month": 0}}, {"pk": 89, "model": "core.person", "fields": {"surname": "Bright", "name": "Richard", "parent": 89, "actor_popularity_month": 0, "writer_popularity": 0, "gender": null, "image": "", "imdb_code": "0109175", "month_of_birth": null, "actor_popularity": 0, "is_director": false, "writer_popularity_month": 0, "year_of_birth": null, "is_actor": true, "director_popularity": 0, "is_writer": false, "day_of_birth": null, "director_popularity_month": 0}}, {"pk": 468, "model": "core.person", "fields": {"surname": "Brocco", "name": "Peter", "parent": 468, "actor_popularity_month": 0, "writer_popularity": 0, "gender": null, "image": "", "imdb_code": "0110480", "month_of_birth": null, "actor_popularity": 0, "is_director": false, "writer_popularity_month": 0, "year_of_birth": null, "is_actor": true, "director_popularity": 0, "is_writer": false, "day_of_birth": null, "director_popularity_month": 0}}, {"pk": 7, "model": "core.person", "fields": {"surname": "Brown", "name": "Clancy", "parent": 7, "actor_popularity_month": 0, "writer_popularity": 0, "gender": null, "image": "", "imdb_code": "0000317", "month_of_birth": null, "actor_popularity": 0, "is_director": false, "writer_popularity_month": 0, "year_of_birth": null, "is_actor": true, "director_popularity": 0, "is_writer": false, "day_of_birth": null, "director_popularity_month": 0}}, {"pk": 470, "model": "core.person", "fields": {"surname": "Brown", "name": "Alonzo", "parent": 470, "actor_popularity_month": 0, "writer_popularity": 0, "gender": null, "image": "", "imdb_code": "0113000", "month_of_birth": null, "actor_popularity": 0, "is_director": false, "writer_popularity_month": 0, "year_of_birth": null, "is_actor": true, "director_popularity": 0, "is_writer": false, "day_of_birth": null, "director_popularity_month": 0}}, {"pk": 71, "model": "core.person", "fields": {"surname": "Caan", "name": "James", "parent": 71, "actor_popularity_month": 0, "writer_popularity": 0, "gender": null, "image": "", "imdb_code": "0001001", "month_of_birth": null, "actor_popularity": 0, "is_director": false, "writer_popularity_month": 0, "year_of_birth": null, "is_actor": true, "director_popularity": 0, "is_writer": false, "day_of_birth": null, "director_popularity_month": 0}}, {"pk": 581, "model": "core.person", "fields": {"surname": "Caine", "name": "Michael", "parent": 581, "actor_popularity_month": 0, "writer_popularity": 0, "gender": null, "image": "", "imdb_code": "0000323", "month_of_birth": null, "actor_popularity": 0, "is_director": false, "writer_popularity_month": 0, "year_of_birth": null, "is_actor": true, "director_popularity": 0, "is_writer": false, "day_of_birth": null, "director_popularity_month": 0}}, {"pk": 82, "model": "core.person", "fields": {"surname": "Cazale", "name": "John", "parent": 82, "actor_popularity_month": 0, "writer_popularity": 0, "gender": null, "image": "", "imdb_code": "0001030", "month_of_birth": null, "actor_popularity": 0, "is_director": false, "writer_popularity_month": 0, "year_of_birth": null, "is_actor": true, "director_popularity": 0, "is_writer": false, "day_of_birth": null, "director_popularity_month": 0}}, {"pk": 76, "model": "core.person", "fields": {"surname": "Conte", "name": "Richard", "parent": 76, "actor_popularity_month": 0, "writer_popularity": 0, "gender": null, "image": "", "imdb_code": "0002017", "month_of_birth": null, "actor_popularity": 0, "is_director": false, "writer_popularity_month": 0, "year_of_birth": null, "is_actor": true, "director_popularity": 0, "is_writer": false, "day_of_birth": null, "director_popularity_month": 0}}, {"pk": 471, "model": "core.person", "fields": {"surname": "Crothers", "name": "Scatman", "parent": 471, "actor_popularity_month": 0, "writer_popularity": 0, "gender": null, "image": "", "imdb_code": "0001079", "month_of_birth": null, "actor_popularity": 0, "is_director": false, "writer_popularity_month": 0, "year_of_birth": null, "is_actor": true, "director_popularity": 0, "is_writer": false, "day_of_birth": null, "director_popularity_month": 0}}, {"pk": 472, "model": "core.person", "fields": {"surname": "Cumbuka", "name": "Mwako", "parent": 472, "actor_popularity_month": 0, "writer_popularity": 0, "gender": null, "image": "", "imdb_code": "0191784", "month_of_birth": null, "actor_popularity": 0, "is_director": false, "writer_popularity_month": 0, "year_of_birth": null, "is_actor": true, "director_popularity": 0, "is_writer": false, "day_of_birth": null, "director_popularity_month": 0}}, {"pk": 512, "model": "core.person", "fields": {"surname": "Daniels", "name": "Anthony", "parent": 512, "actor_popularity_month": 0, "writer_popularity": 0, "gender": null, "image": "", "imdb_code": "0000355", "month_of_birth": null, "actor_popularity": 0, "is_director": false, "writer_popularity_month": 0, "year_of_birth": null, "is_actor": true, "director_popularity": 0, "is_writer": false, "day_of_birth": null, "director_popularity_month": 0}}, {"pk": 311, "model": "core.person", "fields": {"surname": "Davidtz", "name": "Embeth", "parent": 311, "actor_popularity_month": 0, "writer_popularity": 0, "gender": null, "image": "", "imdb_code": "0001110", "month_of_birth": null, "actor_popularity": 0, "is_director": false, "writer_popularity_month": 0, "year_of_birth": null, "is_actor": true, "director_popularity": 0, "is_writer": false, "day_of_birth": null, "director_popularity_month": 0}}, {"pk": 585, "model": "core.person", "fields": {"surname": "Dean", "name": "Ron", "parent": 585, "actor_popularity_month": 0, "writer_popularity": 0, "gender": null, "image": "", "imdb_code": "0212939", "month_of_birth": null, "actor_popularity": 0, "is_director": false, "writer_popularity_month": 0, "year_of_birth": null, "is_actor": true, "director_popularity": 0, "is_writer": false, "day_of_birth": null, "director_popularity_month": 0}}, {"pk": 511, "model": "core.person", "fields": {"surname": "Dee Williams", "name": "Billy", "parent": 511, "actor_popularity_month": 0, "writer_popularity": 0, "gender": null, "image": "", "imdb_code": "0001850", "month_of_birth": null, "actor_popularity": 0, "is_director": false, "writer_popularity_month": 0, "year_of_birth": null, "is_actor": true, "director_popularity": 0, "is_writer": false, "day_of_birth": null, "director_popularity_month": 0}}, {"pk": 11, "model": "core.person", "fields": {"surname": "DeMunn", "name": "Jeffrey", "parent": 11, "actor_popularity_month": 0, "writer_popularity": 0, "gender": null, "image": "", "imdb_code": "0218810", "month_of_birth": null, "actor_popularity": 0, "is_director": false, "writer_popularity_month": 0, "year_of_birth": null, "is_actor": true, "director_popularity": 0, "is_writer": false, "day_of_birth": null, "director_popularity_month": 0}}, {"pk": 473, "model": "core.person", "fields": {"surname": "DeVito", "name": "Danny", "parent": 473, "actor_popularity_month": 0, "writer_popularity": 0, "gender": null, "image": "", "imdb_code": "0000362", "month_of_birth": null, "actor_popularity": 0, "is_director": false, "writer_popularity_month": 0, "year_of_birth": null, "is_actor": true, "director_popularity": 0, "is_writer": false, "day_of_birth": null, "director_popularity_month": 0}}, {"pk": 260, "model": "core.person", "fields": {"surname": "de Medeiros", "name": "Maria", "parent": 260, "actor_popularity_month": 0, "writer_popularity": 0, "gender": null, "image": "", "imdb_code": "0210218", "month_of_birth": null, "actor_popularity": 0, "is_director": false, "writer_popularity_month": 0, "year_of_birth": null, "is_actor": true, "director_popularity": 0, "is_writer": false, "day_of_birth": null, "director_popularity_month": 0}}, {"pk": 140, "model": "core.person", "fields": {"surname": "De Niro", "name": "Robert", "parent": 140, "actor_popularity_month": 0, "writer_popularity": 0, "gender": null, "image": "", "imdb_code": "0000134", "month_of_birth": null, "actor_popularity": 0, "is_director": false, "writer_popularity_month": 0, "year_of_birth": null, "is_actor": true, "director_popularity": 0, "is_writer": false, "day_of_birth": null, "director_popularity_month": 0}}, {"pk": 474, "model": "core.person", "fields": {"surname": "Duell", "name": "William", "parent": 474, "actor_popularity_month": 0, "writer_popularity": 0, "gender": null, "image": "", "imdb_code": "0240239", "month_of_birth": null, "actor_popularity": 0, "is_director": false, "writer_popularity_month": 0, "year_of_birth": null, "is_actor": true, "director_popularity": 0, "is_writer": false, "day_of_birth": null, "director_popularity_month": 0}}, {"pk": 73, "model": "core.person", "fields": {"surname": "Duvall", "name": "Robert", "parent": 73, "actor_popularity_month": 0, "writer_popularity": 0, "gender": null, "image": "", "imdb_code": "0000380", "month_of_birth": null, "actor_popularity": 0, "is_director": false, "writer_popularity_month": 0, "year_of_birth": null, "is_actor": true, "director_popularity": 0, "is_writer": false, "day_of_birth": null, "director_popularity_month": 0}}, {"pk": 210, "model": "core.person", "fields": {"surname": "Eastwood", "name": "Clint", "parent": 210, "actor_popularity_month": 0, "writer_popularity": 0, "gender": null, "image": "", "imdb_code": "0000142", "month_of_birth": null, "actor_popularity": 0, "is_director": false, "writer_popularity_month": 0, "year_of_birth": null, "is_actor": true, "director_popularity": 0, "is_writer": false, "day_of_birth": null, "director_popularity_month": 0}}, {"pk": 580, "model": "core.person", "fields": {"surname": "Eckhart", "name": "Aaron", "parent": 580, "actor_popularity_month": 0, "writer_popularity": 0, "gender": null, "image": "", "imdb_code": "0001173", "month_of_birth": null, "actor_popularity": 0, "is_director": false, "writer_popularity_month": 0, "year_of_birth": null, "is_actor": true, "director_popularity": 0, "is_writer": false, "day_of_birth": null, "director_popularity_month": 0}}, {"pk": 475, "model": "core.person", "fields": {"surname": "Elic", "name": "Josip", "parent": 475, "actor_popularity_month": 0, "writer_popularity": 0, "gender": null, "image": "", "imdb_code": "0253574", "month_of_birth": null, "actor_popularity": 0, "is_director": false, "writer_popularity_month": 0, "year_of_birth": null, "is_actor": true, "director_popularity": 0, "is_writer": false, "day_of_birth": null, "director_popularity_month": 0}}, {"pk": 476, "model": "core.person", "fields": {"surname": "Fendors", "name": "Lan", "parent": 476, "actor_popularity_month": 0, "writer_popularity": 0, "gender": null, "image": "", "imdb_code": "0271753", "month_of_birth": null, "actor_popularity": 0, "is_director": false, "writer_popularity_month": 0, "year_of_birth": null, "is_actor": true, "director_popularity": 0, "is_writer": false, "day_of_birth": null, "director_popularity_month": 0}}, {"pk": 450, "model": "core.person", "fields": {"surname": "Fiedler", "name": "John", "parent": 450, "actor_popularity_month": 0, "writer_popularity": 0, "gender": null, "image": "", "imdb_code": "0275835", "month_of_birth": null, "actor_popularity": 0, "is_director": false, "writer_popularity_month": 0, "year_of_birth": null, "is_actor": true, "director_popularity": 0, "is_writer": false, "day_of_birth": null, "director_popularity_month": 0}}, {"pk": 308, "model": "core.person", "fields": {"surname": "Fiennes", "name": "Ralph", "parent": 308, "actor_popularity_month": 0, "writer_popularity": 0, "gender": null, "image": "", "imdb_code": "0000146", "month_of_birth": null, "actor_popularity": 0, "is_director": false, "writer_popularity_month": 0, "year_of_birth": null, "is_actor": true, "director_popularity": 0, "is_writer": false, "day_of_birth": null, "director_popularity_month": 0}}, {"pk": 510, "model": "core.person", "fields": {"surname": "Fisher", "name": "Carrie", "parent": 510, "actor_popularity_month": 0, "writer_popularity": 0, "gender": null, "image": "", "imdb_code": "0000402", "month_of_birth": null, "actor_popularity": 0, "is_director": false, "writer_popularity_month": 0, "year_of_birth": null, "is_actor": true, "director_popularity": 0, "is_writer": false, "day_of_birth": null, "director_popularity_month": 0}}, {"pk": 456, "model": "core.person", "fields": {"surname": "Fonda", "name": "Henry", "parent": 456, "actor_popularity_month": 0, "writer_popularity": 0, "gender": null, "image": "", "imdb_code": "0000020", "month_of_birth": null, "actor_popularity": 0, "is_director": false, "writer_popularity_month": 0, "year_of_birth": null, "is_actor": true, "director_popularity": 0, "is_writer": false, "day_of_birth": null, "director_popularity_month": 0}}, {"pk": 509, "model": "core.person", "fields": {"surname": "Ford", "name": "Harrison", "parent": 509, "actor_popularity_month": 0, "writer_popularity": 0, "gender": null, "image": "", "imdb_code": "0000148", "month_of_birth": null, "actor_popularity": 0, "is_director": false, "writer_popularity_month": 0, "year_of_birth": null, "is_actor": true, "director_popularity": 0, "is_writer": false, "day_of_birth": null, "director_popularity_month": 0}}, {"pk": 4, "model": "core.person", "fields": {"surname": "Freeman", "name": "Morgan", "parent": 4, "actor_popularity_month": 0, "writer_popularity": 0, "gender": null, "image": "", "imdb_code": "0000151", "month_of_birth": null, "actor_popularity": 0, "is_director": false, "writer_popularity_month": 0, "year_of_birth": null, "is_actor": true, "director_popularity": 0, "is_writer": false, "day_of_birth": null, "director_popularity_month": 0}}, {"pk": 584, "model": "core.person", "fields": {"surname": "Gabriela Curnen", "name": "Monique", "parent": 584, "actor_popularity_month": 0, "writer_popularity": 0, "gender": null, "image": "", "imdb_code": "1010931", "month_of_birth": null, "actor_popularity": 0, "is_director": false, "writer_popularity_month": 0, "year_of_birth": null, "is_actor": true, "director_popularity": 0, "is_writer": false, "day_of_birth": null, "director_popularity_month": 0}}, {"pk": 312, "model": "core.person", "fields": {"surname": "Gebel", "name": "Malgoscha", "parent": 312, "actor_popularity_month": 0, "writer_popularity": 0, "gender": null, "image": "", "imdb_code": "0311343", "month_of_birth": null, "actor_popularity": 0, "is_director": false, "writer_popularity_month": 0, "year_of_birth": null, "is_actor": true, "director_popularity": 0, "is_writer": false, "day_of_birth": null, "director_popularity_month": 0}}, {"pk": 212, "model": "core.person", "fields": {"surname": "Giuffr\u00e8", "name": "Aldo", "parent": 212, "actor_popularity_month": 0, "writer_popularity": 0, "gender": null, "image": "", "imdb_code": "0321294", "month_of_birth": null, "actor_popularity": 0, "is_director": false, "writer_popularity_month": 0, "year_of_birth": null, "is_actor": true, "director_popularity": 0, "is_writer": false, "day_of_birth": null, "director_popularity_month": 0}}, {"pk": 309, "model": "core.person", "fields": {"surname": "Goodall", "name": "Caroline", "parent": 309, "actor_popularity_month": 0, "writer_popularity": 0, "gender": null, "image": "", "imdb_code": "0328751", "month_of_birth": null, "actor_popularity": 0, "is_director": false, "writer_popularity_month": 0, "year_of_birth": null, "is_actor": true, "director_popularity": 0, "is_writer": false, "day_of_birth": null, "director_popularity_month": 0}}, {"pk": 517, "model": "core.person", "fields": {"surname": "Guinness", "name": "Alec", "parent": 517, "actor_popularity_month": 0, "writer_popularity": 0, "gender": null, "image": "", "imdb_code": "0000027", "month_of_birth": null, "actor_popularity": 0, "is_director": false, "writer_popularity_month": 0, "year_of_birth": null, "is_actor": true, "director_popularity": 0, "is_writer": false, "day_of_birth": null, "director_popularity_month": 0}}, {"pk": 5, "model": "core.person", "fields": {"surname": "Gunton", "name": "Bob", "parent": 5, "actor_popularity_month": 0, "writer_popularity": 0, "gender": null, "image": "", "imdb_code": "0348409", "month_of_birth": null, "actor_popularity": 0, "is_director": false, "writer_popularity_month": 0, "year_of_birth": null, "is_actor": true, "director_popularity": 0, "is_writer": false, "day_of_birth": null, "director_popularity_month": 0}}, {"pk": 582, "model": "core.person", "fields": {"surname": "Gyllenhaal", "name": "Maggie", "parent": 582, "actor_popularity_month": 0, "writer_popularity": 0, "gender": null, "image": "", "imdb_code": "0350454", "month_of_birth": null, "actor_popularity": 0, "is_director": false, "writer_popularity_month": 0, "year_of_birth": null, "is_actor": true, "director_popularity": 0, "is_writer": false, "day_of_birth": null, "director_popularity_month": 0}}, {"pk": 508, "model": "core.person", "fields": {"surname": "Hamill", "name": "Mark", "parent": 508, "actor_popularity_month": 0, "writer_popularity": 0, "gender": null, "image": "", "imdb_code": "0000434", "month_of_birth": null, "actor_popularity": 0, "is_director": false, "writer_popularity_month": 0, "year_of_birth": null, "is_actor": true, "director_popularity": 0, "is_writer": false, "day_of_birth": null, "director_popularity_month": 0}}, {"pk": 74, "model": "core.person", "fields": {"surname": "Hayden", "name": "Sterling", "parent": 74, "actor_popularity_month": 0, "writer_popularity": 0, "gender": null, "image": "", "imdb_code": "0001330", "month_of_birth": null, "actor_popularity": 0, "is_director": false, "writer_popularity_month": 0, "year_of_birth": null, "is_actor": true, "director_popularity": 0, "is_writer": false, "day_of_birth": null, "director_popularity_month": 0}}, {"pk": 314, "model": "core.person", "fields": {"surname": "Ivanir", "name": "Mark", "parent": 314, "actor_popularity_month": 0, "writer_popularity": 0, "gender": null, "image": "", "imdb_code": "0411980", "month_of_birth": null, "actor_popularity": 0, "is_director": false, "writer_popularity_month": 0, "year_of_birth": null, "is_actor": true, "director_popularity": 0, "is_writer": false, "day_of_birth": null, "director_popularity_month": 0}}, {"pk": 451, "model": "core.person", "fields": {"surname": "J. Cobb", "name": "Lee", "parent": 451, "actor_popularity_month": 0, "writer_popularity": 0, "gender": null, "image": "", "imdb_code": "0002011", "month_of_birth": null, "actor_popularity": 0, "is_director": false, "writer_popularity_month": 0, "year_of_birth": null, "is_actor": true, "director_popularity": 0, "is_writer": false, "day_of_birth": null, "director_popularity_month": 0}}, {"pk": 78, "model": "core.person", "fields": {"surname": "Keaton", "name": "Diane", "parent": 78, "actor_popularity_month": 0, "writer_popularity": 0, "gender": null, "image": "", "imdb_code": "0000473", "month_of_birth": null, "actor_popularity": 0, "is_director": false, "writer_popularity_month": 0, "year_of_birth": null, "is_actor": true, "director_popularity": 0, "is_writer": false, "day_of_birth": null, "director_popularity_month": 0}}, {"pk": 307, "model": "core.person", "fields": {"surname": "Kingsley", "name": "Ben", "parent": 307, "actor_popularity_month": 0, "writer_popularity": 0, "gender": null, "image": "", "imdb_code": "0001426", "month_of_birth": null, "actor_popularity": 0, "is_director": false, "writer_popularity_month": 0, "year_of_birth": null, "is_actor": true, "director_popularity": 0, "is_writer": false, "day_of_birth": null, "director_popularity_month": 0}}, {"pk": 453, "model": "core.person", "fields": {"surname": "Klugman", "name": "Jack", "parent": 453, "actor_popularity_month": 0, "writer_popularity": 0, "gender": null, "image": "", "imdb_code": "0001430", "month_of_birth": null, "actor_popularity": 0, "is_director": false, "writer_popularity_month": 0, "year_of_birth": null, "is_actor": true, "director_popularity": 0, "is_writer": false, "day_of_birth": null, "director_popularity_month": 0}}, {"pk": 259, "model": "core.person", "fields": {"surname": "LaMarr", "name": "Phil", "parent": 259, "actor_popularity_month": 0, "writer_popularity": 0, "gender": null, "image": "", "imdb_code": "0482851", "month_of_birth": null, "actor_popularity": 0, "is_director": false, "writer_popularity_month": 0, "year_of_birth": null, "is_actor": true, "director_popularity": 0, "is_writer": false, "day_of_birth": null, "director_popularity_month": 0}}, {"pk": 579, "model": "core.person", "fields": {"surname": "Ledger", "name": "Heath", "parent": 579, "actor_popularity_month": 0, "writer_popularity": 0, "gender": null, "image": "", "imdb_code": "0005132", "month_of_birth": null, "actor_popularity": 0, "is_director": false, "writer_popularity_month": 0, "year_of_birth": null, "is_actor": true, "director_popularity": 0, "is_writer": false, "day_of_birth": null, "director_popularity_month": 0}}, {"pk": 77, "model": "core.person", "fields": {"surname": "Lettieri", "name": "Al", "parent": 77, "actor_popularity_month": 0, "writer_popularity": 0, "gender": null, "image": "", "imdb_code": "0504803", "month_of_birth": null, "actor_popularity": 0, "is_director": false, "writer_popularity_month": 0, "year_of_birth": null, "is_actor": true, "director_popularity": 0, "is_writer": false, "day_of_birth": null, "director_popularity_month": 0}}, {"pk": 313, "model": "core.person", "fields": {"surname": "Levy", "name": "Shmuel", "parent": 313, "actor_popularity_month": 0, "writer_popularity": 0, "gender": null, "image": "", "imdb_code": "0506616", "month_of_birth": null, "actor_popularity": 0, "is_director": false, "writer_popularity_month": 0, "year_of_birth": null, "is_actor": true, "director_popularity": 0, "is_writer": false, "day_of_birth": null, "director_popularity_month": 0}}, {"pk": 218, "model": "core.person", "fields": {"surname": "Lorenzon", "name": "Livio", "parent": 218, "actor_popularity_month": 0, "writer_popularity": 0, "gender": null, "image": "", "imdb_code": "0520859", "month_of_birth": null, "actor_popularity": 0, "is_director": false, "writer_popularity_month": 0, "year_of_birth": null, "is_actor": true, "director_popularity": 0, "is_writer": false, "day_of_birth": null, "director_popularity_month": 0}}, {"pk": 253, "model": "core.person", "fields": {"surname": "L. Jackson", "name": "Samuel", "parent": 253, "actor_popularity_month": 0, "writer_popularity": 0, "gender": null, "image": "", "imdb_code": "0000168", "month_of_birth": null, "actor_popularity": 0, "is_director": false, "writer_popularity_month": 0, "year_of_birth": null, "is_actor": true, "director_popularity": 0, "is_writer": false, "day_of_birth": null, "director_popularity_month": 0}}, {"pk": 315, "model": "core.person", "fields": {"surname": "Macola", "name": "B\u00e9atrice", "parent": 315, "actor_popularity_month": 0, "writer_popularity": 0, "gender": null, "image": "", "imdb_code": "0534151", "month_of_birth": null, "actor_popularity": 0, "is_director": false, "writer_popularity_month": 0, "year_of_birth": null, "is_actor": true, "director_popularity": 0, "is_writer": false, "day_of_birth": null, "director_popularity_month": 0}}, {"pk": 75, "model": "core.person", "fields": {"surname": "Marley", "name": "John", "parent": 75, "actor_popularity_month": 0, "writer_popularity": 0, "gender": null, "image": "", "imdb_code": "0549134", "month_of_birth": null, "actor_popularity": 0, "is_director": false, "writer_popularity_month": 0, "year_of_birth": null, "is_actor": true, "director_popularity": 0, "is_writer": false, "day_of_birth": null, "director_popularity_month": 0}}, {"pk": 452, "model": "core.person", "fields": {"surname": "Marshall", "name": "E.G.", "parent": 452, "actor_popularity_month": 0, "writer_popularity": 0, "gender": null, "image": "", "imdb_code": "0550855", "month_of_birth": null, "actor_popularity": 0, "is_director": false, "writer_popularity_month": 0, "year_of_birth": null, "is_actor": true, "director_popularity": 0, "is_writer": false, "day_of_birth": null, "director_popularity_month": 0}}, {"pk": 514, "model": "core.person", "fields": {"surname": "Mayhew", "name": "Peter", "parent": 514, "actor_popularity_month": 0, "writer_popularity": 0, "gender": null, "image": "", "imdb_code": "0562679", "month_of_birth": null, "actor_popularity": 0, "is_director": false, "writer_popularity_month": 0, "year_of_birth": null, "is_actor": true, "director_popularity": 0, "is_writer": false, "day_of_birth": null, "director_popularity_month": 0}}, {"pk": 586, "model": "core.person", "fields": {"surname": "Murphy", "name": "Cillian", "parent": 586, "actor_popularity_month": 0, "writer_popularity": 0, "gender": null, "image": "", "imdb_code": "0614165", "month_of_birth": null, "actor_popularity": 0, "is_director": false, "writer_popularity_month": 0, "year_of_birth": null, "is_actor": true, "director_popularity": 0, "is_writer": false, "day_of_birth": null, "director_popularity_month": 0}}, {"pk": 306, "model": "core.person", "fields": {"surname": "Neeson", "name": "Liam", "parent": 306, "actor_popularity_month": 0, "writer_popularity": 0, "gender": null, "image": "", "imdb_code": "0000553", "month_of_birth": null, "actor_popularity": 0, "is_director": false, "writer_popularity_month": 0, "year_of_birth": null, "is_actor": true, "director_popularity": 0, "is_writer": false, "day_of_birth": null, "director_popularity_month": 0}}, {"pk": 583, "model": "core.person", "fields": {"surname": "Oldman", "name": "Gary", "parent": 583, "actor_popularity_month": 0, "writer_popularity": 0, "gender": null, "image": "", "imdb_code": "0000198", "month_of_birth": null, "actor_popularity": 0, "is_director": false, "writer_popularity_month": 0, "year_of_birth": null, "is_actor": true, "director_popularity": 0, "is_writer": false, "day_of_birth": null, "director_popularity_month": 0}}, {"pk": 516, "model": "core.person", "fields": {"surname": "Oz", "name": "Frank", "parent": 516, "actor_popularity_month": 0, "writer_popularity": 0, "gender": null, "image": "", "imdb_code": "0000568", "month_of_birth": null, "actor_popularity": 0, "is_director": false, "writer_popularity_month": 0, "year_of_birth": null, "is_actor": true, "director_popularity": 0, "is_writer": false, "day_of_birth": null, "director_popularity_month": 0}}, {"pk": 70, "model": "core.person", "fields": {"surname": "Pacino", "name": "Al", "parent": 70, "actor_popularity_month": 0, "writer_popularity": 0, "gender": null, "image": "", "imdb_code": "0000199", "month_of_birth": null, "actor_popularity": 0, "is_director": false, "writer_popularity_month": 0, "year_of_birth": null, "is_actor": true, "director_popularity": 0, "is_writer": false, "day_of_birth": null, "director_popularity_month": 0}}, {"pk": 215, "model": "core.person", "fields": {"surname": "Petito", "name": "Enzo", "parent": 215, "actor_popularity_month": 0, "writer_popularity": 0, "gender": null, "image": "", "imdb_code": "0677654", "month_of_birth": null, "actor_popularity": 0, "is_director": false, "writer_popularity_month": 0, "year_of_birth": null, "is_actor": true, "director_popularity": 0, "is_writer": false, "day_of_birth": null, "director_popularity_month": 0}}, {"pk": 213, "model": "core.person", "fields": {"surname": "Pistilli", "name": "Luigi", "parent": 213, "actor_popularity_month": 0, "writer_popularity": 0, "gender": null, "image": "", "imdb_code": "0685559", "month_of_birth": null, "actor_popularity": 0, "is_director": false, "writer_popularity_month": 0, "year_of_birth": null, "is_actor": true, "director_popularity": 0, "is_writer": false, "day_of_birth": null, "director_popularity_month": 0}}, {"pk": 255, "model": "core.person", "fields": {"surname": "Plummer", "name": "Amanda", "parent": 255, "actor_popularity_month": 0, "writer_popularity": 0, "gender": null, "image": "", "imdb_code": "0001625", "month_of_birth": null, "actor_popularity": 0, "is_director": false, "writer_popularity_month": 0, "year_of_birth": null, "is_actor": true, "director_popularity": 0, "is_writer": false, "day_of_birth": null, "director_popularity_month": 0}}, {"pk": 513, "model": "core.person", "fields": {"surname": "Prowse", "name": "David", "parent": 513, "actor_popularity_month": 0, "writer_popularity": 0, "gender": null, "image": "", "imdb_code": "0001190", "month_of_birth": null, "actor_popularity": 0, "is_director": false, "writer_popularity_month": 0, "year_of_birth": null, "is_actor": true, "director_popularity": 0, "is_writer": false, "day_of_birth": null, "director_popularity_month": 0}}, {"pk": 214, "model": "core.person", "fields": {"surname": "Rassimov", "name": "Rada", "parent": 214, "actor_popularity_month": 0, "writer_popularity": 0, "gender": null, "image": "", "imdb_code": "0711502", "month_of_birth": null, "actor_popularity": 0, "is_director": false, "writer_popularity_month": 0, "year_of_birth": null, "is_actor": true, "director_popularity": 0, "is_writer": false, "day_of_birth": null, "director_popularity_month": 0}}, {"pk": 258, "model": "core.person", "fields": {"surname": "Rhames", "name": "Ving", "parent": 258, "actor_popularity_month": 0, "writer_popularity": 0, "gender": null, "image": "", "imdb_code": "0000609", "month_of_birth": null, "actor_popularity": 0, "is_director": false, "writer_popularity_month": 0, "year_of_birth": null, "is_actor": true, "director_popularity": 0, "is_writer": false, "day_of_birth": null, "director_popularity_month": 0}}, {"pk": 3, "model": "core.person", "fields": {"surname": "Robbins", "name": "Tim", "parent": 3, "actor_popularity_month": 0, "writer_popularity": 0, "gender": null, "image": "", "imdb_code": "0000209", "month_of_birth": null, "actor_popularity": 0, "is_director": false, "writer_popularity_month": 0, "year_of_birth": null, "is_actor": true, "director_popularity": 0, "is_writer": false, "day_of_birth": null, "director_popularity_month": 0}}, {"pk": 9, "model": "core.person", "fields": {"surname": "Rolston", "name": "Mark", "parent": 9, "actor_popularity_month": 0, "writer_popularity": 0, "gender": null, "image": "", "imdb_code": "0001679", "month_of_birth": null, "actor_popularity": 0, "is_director": false, "writer_popularity_month": 0, "year_of_birth": null, "is_actor": true, "director_popularity": 0, "is_writer": false, "day_of_birth": null, "director_popularity_month": 0}}, {"pk": 254, "model": "core.person", "fields": {"surname": "Roth", "name": "Tim", "parent": 254, "actor_popularity_month": 0, "writer_popularity": 0, "gender": null, "image": "", "imdb_code": "0000619", "month_of_birth": null, "actor_popularity": 0, "is_director": false, "writer_popularity_month": 0, "year_of_birth": null, "is_actor": true, "director_popularity": 0, "is_writer": false, "day_of_birth": null, "director_popularity_month": 0}}, {"pk": 469, "model": "core.person", "fields": {"surname": "R. Brooks", "name": "Dean", "parent": 469, "actor_popularity_month": 0, "writer_popularity": 0, "gender": null, "image": "", "imdb_code": "0111954", "month_of_birth": null, "actor_popularity": 0, "is_director": false, "writer_popularity_month": 0, "year_of_birth": null, "is_actor": true, "director_popularity": 0, "is_writer": false, "day_of_birth": null, "director_popularity_month": 0}}, {"pk": 6, "model": "core.person", "fields": {"surname": "Sadler", "name": "William", "parent": 6, "actor_popularity_month": 0, "writer_popularity": 0, "gender": null, "image": "", "imdb_code": "0006669", "month_of_birth": null, "actor_popularity": 0, "is_director": false, "writer_popularity_month": 0, "year_of_birth": null, "is_actor": true, "director_popularity": 0, "is_writer": false, "day_of_birth": null, "director_popularity_month": 0}}, {"pk": 310, "model": "core.person", "fields": {"surname": "Sagall", "name": "Jonathan", "parent": 310, "actor_popularity_month": 0, "writer_popularity": 0, "gender": null, "image": "", "imdb_code": "0755974", "month_of_birth": null, "actor_popularity": 0, "is_director": false, "writer_popularity_month": 0, "year_of_birth": null, "is_actor": true, "director_popularity": 0, "is_writer": false, "day_of_birth": null, "director_popularity_month": 0}}, {"pk": 216, "model": "core.person", "fields": {"surname": "Scarchilli", "name": "Claudio", "parent": 216, "actor_popularity_month": 0, "writer_popularity": 0, "gender": null, "image": "", "imdb_code": "0769116", "month_of_birth": null, "actor_popularity": 0, "is_director": false, "writer_popularity_month": 0, "year_of_birth": null, "is_actor": true, "director_popularity": 0, "is_writer": false, "day_of_birth": null, "director_popularity_month": 0}}, {"pk": 80, "model": "core.person", "fields": {"surname": "Shire", "name": "Talia", "parent": 80, "actor_popularity_month": 0, "writer_popularity": 0, "gender": null, "image": "", "imdb_code": "0001735", "month_of_birth": null, "actor_popularity": 0, "is_director": false, "writer_popularity_month": 0, "year_of_birth": null, "is_actor": true, "director_popularity": 0, "is_writer": false, "day_of_birth": null, "director_popularity_month": 0}}, {"pk": 143, "model": "core.person", "fields": {"surname": "Spradlin", "name": "G.D.", "parent": 143, "actor_popularity_month": 0, "writer_popularity": 0, "gender": null, "image": "", "imdb_code": "0819525", "month_of_birth": null, "actor_popularity": 0, "is_director": false, "writer_popularity_month": 0, "year_of_birth": null, "is_actor": true, "director_popularity": 0, "is_writer": false, "day_of_birth": null, "director_popularity_month": 0}}, {"pk": 256, "model": "core.person", "fields": {"surname": "Stoltz", "name": "Eric", "parent": 256, "actor_popularity_month": 0, "writer_popularity": 0, "gender": null, "image": "", "imdb_code": "0000655", "month_of_birth": null, "actor_popularity": 0, "is_director": false, "writer_popularity_month": 0, "year_of_birth": null, "is_actor": true, "director_popularity": 0, "is_writer": false, "day_of_birth": null, "director_popularity_month": 0}}, {"pk": 141, "model": "core.person", "fields": {"surname": "Strasberg", "name": "Lee", "parent": 141, "actor_popularity_month": 0, "writer_popularity": 0, "gender": null, "image": "", "imdb_code": "0833448", "month_of_birth": null, "actor_popularity": 0, "is_director": false, "writer_popularity_month": 0, "year_of_birth": null, "is_actor": true, "director_popularity": 0, "is_writer": false, "day_of_birth": null, "director_popularity_month": 0}}, {"pk": 457, "model": "core.person", "fields": {"surname": "Sweeney", "name": "Joseph", "parent": 457, "actor_popularity_month": 0, "writer_popularity": 0, "gender": null, "image": "", "imdb_code": "0842137", "month_of_birth": null, "actor_popularity": 0, "is_director": false, "writer_popularity_month": 0, "year_of_birth": null, "is_actor": true, "director_popularity": 0, "is_writer": false, "day_of_birth": null, "director_popularity_month": 0}}, {"pk": 72, "model": "core.person", "fields": {"surname": "S. Castellano", "name": "Richard", "parent": 72, "actor_popularity_month": 0, "writer_popularity": 0, "gender": null, "image": "", "imdb_code": "0144710", "month_of_birth": null, "actor_popularity": 0, "is_director": false, "writer_popularity_month": 0, "year_of_birth": null, "is_actor": true, "director_popularity": 0, "is_writer": false, "day_of_birth": null, "director_popularity_month": 0}}, {"pk": 252, "model": "core.person", "fields": {"surname": "Travolta", "name": "John", "parent": 252, "actor_popularity_month": 0, "writer_popularity": 0, "gender": null, "image": "", "imdb_code": "0000237", "month_of_birth": null, "actor_popularity": 0, "is_director": false, "writer_popularity_month": 0, "year_of_birth": null, "is_actor": true, "director_popularity": 0, "is_writer": false, "day_of_birth": null, "director_popularity_month": 0}}, {"pk": 211, "model": "core.person", "fields": {"surname": "Van Cleef", "name": "Lee", "parent": 211, "actor_popularity_month": 0, "writer_popularity": 0, "gender": null, "image": "", "imdb_code": "0001812", "month_of_birth": null, "actor_popularity": 0, "is_director": false, "writer_popularity_month": 0, "year_of_birth": null, "is_actor": true, "director_popularity": 0, "is_writer": false, "day_of_birth": null, "director_popularity_month": 0}}, {"pk": 142, "model": "core.person", "fields": {"surname": "V. Gazzo", "name": "Michael", "parent": 142, "actor_popularity_month": 0, "writer_popularity": 0, "gender": null, "image": "", "imdb_code": "0311155", "month_of_birth": null, "actor_popularity": 0, "is_director": false, "writer_popularity_month": 0, "year_of_birth": null, "is_actor": true, "director_popularity": 0, "is_writer": false, "day_of_birth": null, "director_popularity_month": 0}}, {"pk": 209, "model": "core.person", "fields": {"surname": "Wallach", "name": "Eli", "parent": 209, "actor_popularity_month": 0, "writer_popularity": 0, "gender": null, "image": "", "imdb_code": "0908919", "month_of_birth": null, "actor_popularity": 0, "is_director": false, "writer_popularity_month": 0, "year_of_birth": null, "is_actor": true, "director_popularity": 0, "is_writer": false, "day_of_birth": null, "director_popularity_month": 0}}, {"pk": 455, "model": "core.person", "fields": {"surname": "Warden", "name": "Jack", "parent": 455, "actor_popularity_month": 0, "writer_popularity": 0, "gender": null, "image": "", "imdb_code": "0912001", "month_of_birth": null, "actor_popularity": 0, "is_director": false, "writer_popularity_month": 0, "year_of_birth": null, "is_actor": true, "director_popularity": 0, "is_writer": false, "day_of_birth": null, "director_popularity_month": 0}}, {"pk": 10, "model": "core.person", "fields": {"surname": "Whitmore", "name": "James", "parent": 10, "actor_popularity_month": 0, "writer_popularity": 0, "gender": null, "image": "", "imdb_code": "0926235", "month_of_birth": null, "actor_popularity": 0, "is_director": false, "writer_popularity_month": 0, "year_of_birth": null, "is_actor": true, "director_popularity": 0, "is_writer": false, "day_of_birth": null, "director_popularity_month": 0}}, {"pk": 257, "model": "core.person", "fields": {"surname": "Willis", "name": "Bruce", "parent": 257, "actor_popularity_month": 0, "writer_popularity": 0, "gender": null, "image": "", "imdb_code": "0000246", "month_of_birth": null, "actor_popularity": 0, "is_director": false, "writer_popularity_month": 0, "year_of_birth": null, "is_actor": true, "director_popularity": 0, "is_writer": false, "day_of_birth": null, "director_popularity_month": 0}}, {"pk": 1, "model": "core.recommendation", "fields": {"film": 1, "guess_rating_alg2": "9.0000", "guess_rating_alg1": "9.0000", "user": 1}}, {"pk": 2, "model": "core.recommendation", "fields": {"film": 67, "guess_rating_alg2": "9.0000", "guess_rating_alg1": "9.0000", "user": 1}}, {"pk": 3, "model": "core.recommendation", "fields": {"film": 139, "guess_rating_alg2": "9.0000", "guess_rating_alg1": "9.0000", "user": 1}}, {"pk": 4, "model": "core.recommendation", "fields": {"film": 207, "guess_rating_alg2": "9.0000", "guess_rating_alg1": "9.0000", "user": 1}}, {"pk": 5, "model": "core.recommendation", "fields": {"film": 250, "guess_rating_alg2": "9.0000", "guess_rating_alg1": "9.0000", "user": 1}}, {"pk": 6, "model": "core.recommendation", "fields": {"film": 304, "guess_rating_alg2": "9.0000", "guess_rating_alg1": "9.0000", "user": 1}}, {"pk": 7, "model": "core.recommendation", "fields": {"film": 447, "guess_rating_alg2": "9.0000", "guess_rating_alg1": "9.0000", "user": 1}}, {"pk": 8, "model": "core.recommendation", "fields": {"film": 465, "guess_rating_alg2": "9.0000", "guess_rating_alg1": "9.0000", "user": 1}}, {"pk": 9, "model": "core.recommendation", "fields": {"film": 506, "guess_rating_alg2": "9.0000", "guess_rating_alg1": "9.0000", "user": 1}}, {"pk": 10, "model": "core.recommendation", "fields": {"film": 576, "guess_rating_alg2": "9.0000", "guess_rating_alg1": "9.0000", "user": 1}}, {"pk": 1, "model": "core.character", "fields": {"importance": 0, "person": 3, "character": "Andy Dufresne", "film": 1, "LANG": "en"}}, {"pk": 2, "model": "core.character", "fields": {"importance": 0, "person": 3, "character": "Andy Dufresne", "film": 1, "LANG": "pl"}}, {"pk": 3, "model": "core.character", "fields": {"importance": 1, "person": 4, "character": "Ellis Boyd 'Red' Redding", "film": 1, "LANG": "en"}}, {"pk": 4, "model": "core.character", "fields": {"importance": 1, "person": 4, "character": "Ellis Boyd 'Red' Redding", "film": 1, "LANG": "pl"}}, {"pk": 5, "model": "core.character", "fields": {"importance": 2, "person": 5, "character": "Warden Norton", "film": 1, "LANG": "en"}}, {"pk": 6, "model": "core.character", "fields": {"importance": 2, "person": 5, "character": "Warden Norton", "film": 1, "LANG": "pl"}}, {"pk": 7, "model": "core.character", "fields": {"importance": 3, "person": 6, "character": "Heywood", "film": 1, "LANG": "en"}}, {"pk": 8, "model": "core.character", "fields": {"importance": 3, "person": 6, "character": "Heywood", "film": 1, "LANG": "pl"}}, {"pk": 9, "model": "core.character", "fields": {"importance": 4, "person": 7, "character": "Captain Hadley", "film": 1, "LANG": "en"}}, {"pk": 10, "model": "core.character", "fields": {"importance": 4, "person": 7, "character": "Captain Hadley", "film": 1, "LANG": "pl"}}, {"pk": 11, "model": "core.character", "fields": {"importance": 5, "person": 8, "character": "Tommy", "film": 1, "LANG": "en"}}, {"pk": 12, "model": "core.character", "fields": {"importance": 5, "person": 8, "character": "Tommy", "film": 1, "LANG": "pl"}}, {"pk": 13, "model": "core.character", "fields": {"importance": 6, "person": 9, "character": "Bogs Diamond", "film": 1, "LANG": "en"}}, {"pk": 14, "model": "core.character", "fields": {"importance": 6, "person": 9, "character": "Bogs Diamond", "film": 1, "LANG": "pl"}}, {"pk": 15, "model": "core.character", "fields": {"importance": 7, "person": 10, "character": "Brooks Hatlen", "film": 1, "LANG": "en"}}, {"pk": 16, "model": "core.character", "fields": {"importance": 7, "person": 10, "character": "Brooks Hatlen", "film": 1, "LANG": "pl"}}, {"pk": 17, "model": "core.character", "fields": {"importance": 8, "person": 11, "character": "1946 D.A.", "film": 1, "LANG": "en"}}, {"pk": 18, "model": "core.character", "fields": {"importance": 8, "person": 11, "character": "1946 D.A.", "film": 1, "LANG": "pl"}}, {"pk": 19, "model": "core.character", "fields": {"importance": 9, "person": 12, "character": "Skeet", "film": 1, "LANG": "en"}}, {"pk": 20, "model": "core.character", "fields": {"importance": 9, "person": 12, "character": "Skeet", "film": 1, "LANG": "pl"}}, {"pk": 127, "model": "core.character", "fields": {"importance": 0, "person": 69, "character": "Don Vito Corleone", "film": 67, "LANG": "en"}}, {"pk": 128, "model": "core.character", "fields": {"importance": 0, "person": 69, "character": "Don Vito Corleone", "film": 67, "LANG": "pl"}}, {"pk": 129, "model": "core.character", "fields": {"importance": 1, "person": 70, "character": "Michael Corleone", "film": 67, "LANG": "en"}}, {"pk": 130, "model": "core.character", "fields": {"importance": 1, "person": 70, "character": "Michael Corleone", "film": 67, "LANG": "pl"}}, {"pk": 131, "model": "core.character", "fields": {"importance": 2, "person": 71, "character": "Santino 'Sonny' Corleone", "film": 67, "LANG": "en"}}, {"pk": 132, "model": "core.character", "fields": {"importance": 2, "person": 71, "character": "Santino 'Sonny' Corleone", "film": 67, "LANG": "pl"}}, {"pk": 133, "model": "core.character", "fields": {"importance": 3, "person": 72, "character": "Peter Clemenza", "film": 67, "LANG": "en"}}, {"pk": 134, "model": "core.character", "fields": {"importance": 3, "person": 72, "character": "Peter Clemenza", "film": 67, "LANG": "pl"}}, {"pk": 135, "model": "core.character", "fields": {"importance": 4, "person": 73, "character": "Tom Hagen", "film": 67, "LANG": "en"}}, {"pk": 136, "model": "core.character", "fields": {"importance": 4, "person": 73, "character": "Tom Hagen", "film": 67, "LANG": "pl"}}, {"pk": 137, "model": "core.character", "fields": {"importance": 5, "person": 74, "character": "Capt. McCluskey", "film": 67, "LANG": "en"}}, {"pk": 138, "model": "core.character", "fields": {"importance": 5, "person": 74, "character": "Capt. McCluskey", "film": 67, "LANG": "pl"}}, {"pk": 139, "model": "core.character", "fields": {"importance": 6, "person": 75, "character": "Jack Woltz", "film": 67, "LANG": "en"}}, {"pk": 140, "model": "core.character", "fields": {"importance": 6, "person": 75, "character": "Jack Woltz", "film": 67, "LANG": "pl"}}, {"pk": 141, "model": "core.character", "fields": {"importance": 7, "person": 76, "character": "Don Emilio Barzini", "film": 67, "LANG": "en"}}, {"pk": 142, "model": "core.character", "fields": {"importance": 7, "person": 76, "character": "Don Emilio Barzini", "film": 67, "LANG": "pl"}}, {"pk": 143, "model": "core.character", "fields": {"importance": 8, "person": 77, "character": "Virgil 'The Turk' Sollozzo", "film": 67, "LANG": "en"}}, {"pk": 144, "model": "core.character", "fields": {"importance": 8, "person": 77, "character": "Virgil 'The Turk' Sollozzo", "film": 67, "LANG": "pl"}}, {"pk": 145, "model": "core.character", "fields": {"importance": 9, "person": 78, "character": "Kay Adams", "film": 67, "LANG": "en"}}, {"pk": 146, "model": "core.character", "fields": {"importance": 9, "person": 78, "character": "Kay Adams", "film": 67, "LANG": "pl"}}, {"pk": 149, "model": "core.character", "fields": {"importance": 11, "person": 80, "character": "Connie Corleone Rizzi", "film": 67, "LANG": "en"}}, {"pk": 150, "model": "core.character", "fields": {"importance": 11, "person": 80, "character": "Connie Corleone Rizzi", "film": 67, "LANG": "pl"}}, {"pk": 153, "model": "core.character", "fields": {"importance": 13, "person": 82, "character": "Fredo Corleone", "film": 67, "LANG": "en"}}, {"pk": 154, "model": "core.character", "fields": {"importance": 13, "person": 82, "character": "Fredo Corleone", "film": 67, "LANG": "pl"}}, {"pk": 167, "model": "core.character", "fields": {"importance": 20, "person": 89, "character": "Al Neri", "film": 67, "LANG": "en"}}, {"pk": 168, "model": "core.character", "fields": {"importance": 20, "person": 89, "character": "Al Neri", "film": 67, "LANG": "pl"}}, {"pk": 265, "model": "core.character", "fields": {"importance": 0, "person": 70, "character": "Don Michael Corleone", "film": 139, "LANG": "en"}}, {"pk": 266, "model": "core.character", "fields": {"importance": 0, "person": 70, "character": "Don Michael Corleone", "film": 139, "LANG": "pl"}}, {"pk": 267, "model": "core.character", "fields": {"importance": 1, "person": 73, "character": "Tom Hagen", "film": 139, "LANG": "en"}}, {"pk": 268, "model": "core.character", "fields": {"importance": 1, "person": 73, "character": "Tom Hagen", "film": 139, "LANG": "pl"}}, {"pk": 269, "model": "core.character", "fields": {"importance": 2, "person": 78, "character": "Kay Corleone", "film": 139, "LANG": "en"}}, {"pk": 270, "model": "core.character", "fields": {"importance": 2, "person": 78, "character": "Kay Corleone", "film": 139, "LANG": "pl"}}, {"pk": 271, "model": "core.character", "fields": {"importance": 3, "person": 140, "character": "Vito Corleone", "film": 139, "LANG": "en"}}, {"pk": 272, "model": "core.character", "fields": {"importance": 3, "person": 140, "character": "Vito Corleone", "film": 139, "LANG": "pl"}}, {"pk": 273, "model": "core.character", "fields": {"importance": 4, "person": 82, "character": "Fredo Corleone", "film": 139, "LANG": "en"}}, {"pk": 274, "model": "core.character", "fields": {"importance": 4, "person": 82, "character": "Fredo Corleone", "film": 139, "LANG": "pl"}}, {"pk": 275, "model": "core.character", "fields": {"importance": 5, "person": 80, "character": "Connie Corleone", "film": 139, "LANG": "en"}}, {"pk": 276, "model": "core.character", "fields": {"importance": 5, "person": 80, "character": "Connie Corleone", "film": 139, "LANG": "pl"}}, {"pk": 277, "model": "core.character", "fields": {"importance": 6, "person": 141, "character": "Hyman Roth", "film": 139, "LANG": "en"}}, {"pk": 278, "model": "core.character", "fields": {"importance": 6, "person": 141, "character": "Hyman Roth", "film": 139, "LANG": "pl"}}, {"pk": 279, "model": "core.character", "fields": {"importance": 7, "person": 142, "character": "Frankie Pentangeli", "film": 139, "LANG": "en"}}, {"pk": 280, "model": "core.character", "fields": {"importance": 7, "person": 142, "character": "Frankie Pentangeli", "film": 139, "LANG": "pl"}}, {"pk": 281, "model": "core.character", "fields": {"importance": 8, "person": 143, "character": "Senator Pat Geary", "film": 139, "LANG": "en"}}, {"pk": 282, "model": "core.character", "fields": {"importance": 8, "person": 143, "character": "Senator Pat Geary", "film": 139, "LANG": "pl"}}, {"pk": 283, "model": "core.character", "fields": {"importance": 9, "person": 89, "character": "Al Neri", "film": 139, "LANG": "en"}}, {"pk": 284, "model": "core.character", "fields": {"importance": 9, "person": 89, "character": "Al Neri", "film": 139, "LANG": "pl"}}, {"pk": 311, "model": "core.character", "fields": {"importance": 23, "person": 71, "character": "Sonny Corleone", "film": 139, "LANG": "en"}}, {"pk": 312, "model": "core.character", "fields": {"importance": 23, "person": 71, "character": "Sonny Corleone", "film": 139, "LANG": "pl"}}, {"pk": 441, "model": "core.character", "fields": {"importance": 0, "person": 209, "character": "Tuco", "film": 207, "LANG": "en"}}, {"pk": 442, "model": "core.character", "fields": {"importance": 0, "person": 209, "character": "Tuco", "film": 207, "LANG": "pl"}}, {"pk": 443, "model": "core.character", "fields": {"importance": 1, "person": 210, "character": "Blondie", "film": 207, "LANG": "en"}}, {"pk": 444, "model": "core.character", "fields": {"importance": 1, "person": 210, "character": "Blondie", "film": 207, "LANG": "pl"}}, {"pk": 445, "model": "core.character", "fields": {"importance": 2, "person": 211, "character": "Sentenza / Angel Eyes", "film": 207, "LANG": "en"}}, {"pk": 446, "model": "core.character", "fields": {"importance": 2, "person": 211, "character": "Sentenza / Angel Eyes", "film": 207, "LANG": "pl"}}, {"pk": 447, "model": "core.character", "fields": {"importance": 3, "person": 212, "character": "Alcoholic Union Captain", "film": 207, "LANG": "en"}}, {"pk": 448, "model": "core.character", "fields": {"importance": 3, "person": 212, "character": "Alcoholic Union Captain", "film": 207, "LANG": "pl"}}, {"pk": 449, "model": "core.character", "fields": {"importance": 4, "person": 213, "character": "Father Pablo Ramirez", "film": 207, "LANG": "en"}}, {"pk": 450, "model": "core.character", "fields": {"importance": 4, "person": 213, "character": "Father Pablo Ramirez", "film": 207, "LANG": "pl"}}, {"pk": 451, "model": "core.character", "fields": {"importance": 5, "person": 214, "character": "Maria", "film": 207, "LANG": "en"}}, {"pk": 452, "model": "core.character", "fields": {"importance": 5, "person": 214, "character": "Maria", "film": 207, "LANG": "pl"}}, {"pk": 453, "model": "core.character", "fields": {"importance": 6, "person": 215, "character": "Storekeeper", "film": 207, "LANG": "en"}}, {"pk": 454, "model": "core.character", "fields": {"importance": 6, "person": 215, "character": "Storekeeper", "film": 207, "LANG": "pl"}}, {"pk": 455, "model": "core.character", "fields": {"importance": 7, "person": 216, "character": "Mexican peon", "film": 207, "LANG": "en"}}, {"pk": 456, "model": "core.character", "fields": {"importance": 7, "person": 216, "character": "Mexican peon", "film": 207, "LANG": "pl"}}, {"pk": 457, "model": "core.character", "fields": {"importance": 8, "person": 217, "character": "Sheriff", "film": 207, "LANG": "en"}}, {"pk": 458, "model": "core.character", "fields": {"importance": 8, "person": 217, "character": "Sheriff", "film": 207, "LANG": "pl"}}, {"pk": 459, "model": "core.character", "fields": {"importance": 9, "person": 218, "character": "Baker", "film": 207, "LANG": "en"}}, {"pk": 460, "model": "core.character", "fields": {"importance": 9, "person": 218, "character": "Baker", "film": 207, "LANG": "pl"}}, {"pk": 515, "model": "core.character", "fields": {"importance": 0, "person": 252, "character": "Vincent Vega", "film": 250, "LANG": "en"}}, {"pk": 516, "model": "core.character", "fields": {"importance": 0, "person": 252, "character": "Vincent Vega", "film": 250, "LANG": "pl"}}, {"pk": 517, "model": "core.character", "fields": {"importance": 1, "person": 253, "character": "Jules Winnfield", "film": 250, "LANG": "en"}}, {"pk": 518, "model": "core.character", "fields": {"importance": 1, "person": 253, "character": "Jules Winnfield", "film": 250, "LANG": "pl"}}, {"pk": 519, "model": "core.character", "fields": {"importance": 2, "person": 254, "character": "Pumpkin - Ringo", "film": 250, "LANG": "en"}}, {"pk": 520, "model": "core.character", "fields": {"importance": 2, "person": 254, "character": "Pumpkin - Ringo", "film": 250, "LANG": "pl"}}, {"pk": 521, "model": "core.character", "fields": {"importance": 3, "person": 255, "character": "Honey Bunny - Yolanda", "film": 250, "LANG": "en"}}, {"pk": 522, "model": "core.character", "fields": {"importance": 3, "person": 255, "character": "Honey Bunny - Yolanda", "film": 250, "LANG": "pl"}}, {"pk": 523, "model": "core.character", "fields": {"importance": 4, "person": 256, "character": "Lance", "film": 250, "LANG": "en"}}, {"pk": 524, "model": "core.character", "fields": {"importance": 4, "person": 256, "character": "Lance", "film": 250, "LANG": "pl"}}, {"pk": 525, "model": "core.character", "fields": {"importance": 5, "person": 257, "character": "Butch Coolidge", "film": 250, "LANG": "en"}}, {"pk": 526, "model": "core.character", "fields": {"importance": 5, "person": 257, "character": "Butch Coolidge", "film": 250, "LANG": "pl"}}, {"pk": 527, "model": "core.character", "fields": {"importance": 6, "person": 258, "character": "Marsellus Wallace", "film": 250, "LANG": "en"}}, {"pk": 528, "model": "core.character", "fields": {"importance": 6, "person": 258, "character": "Marsellus Wallace", "film": 250, "LANG": "pl"}}, {"pk": 529, "model": "core.character", "fields": {"importance": 7, "person": 259, "character": "Marvin", "film": 250, "LANG": "en"}}, {"pk": 530, "model": "core.character", "fields": {"importance": 7, "person": 259, "character": "Marvin", "film": 250, "LANG": "pl"}}, {"pk": 531, "model": "core.character", "fields": {"importance": 8, "person": 260, "character": "Fabienne", "film": 250, "LANG": "en"}}, {"pk": 532, "model": "core.character", "fields": {"importance": 8, "person": 260, "character": "Fabienne", "film": 250, "LANG": "pl"}}, {"pk": 533, "model": "core.character", "fields": {"importance": 9, "person": 261, "character": "Jody", "film": 250, "LANG": "en"}}, {"pk": 534, "model": "core.character", "fields": {"importance": 9, "person": 261, "character": "Jody", "film": 250, "LANG": "pl"}}, {"pk": 619, "model": "core.character", "fields": {"importance": 0, "person": 306, "character": "Oskar Schindler", "film": 304, "LANG": "en"}}, {"pk": 620, "model": "core.character", "fields": {"importance": 0, "person": 306, "character": "Oskar Schindler", "film": 304, "LANG": "pl"}}, {"pk": 621, "model": "core.character", "fields": {"importance": 1, "person": 307, "character": "Itzhak Stern", "film": 304, "LANG": "en"}}, {"pk": 622, "model": "core.character", "fields": {"importance": 1, "person": 307, "character": "Itzhak Stern", "film": 304, "LANG": "pl"}}, {"pk": 623, "model": "core.character", "fields": {"importance": 2, "person": 308, "character": "Amon Goeth", "film": 304, "LANG": "en"}}, {"pk": 624, "model": "core.character", "fields": {"importance": 2, "person": 308, "character": "Amon Goeth", "film": 304, "LANG": "pl"}}, {"pk": 625, "model": "core.character", "fields": {"importance": 3, "person": 309, "character": "Emilie Schindler", "film": 304, "LANG": "en"}}, {"pk": 626, "model": "core.character", "fields": {"importance": 3, "person": 309, "character": "Emilie Schindler", "film": 304, "LANG": "pl"}}, {"pk": 627, "model": "core.character", "fields": {"importance": 4, "person": 310, "character": "Poldek Pfefferberg", "film": 304, "LANG": "en"}}, {"pk": 628, "model": "core.character", "fields": {"importance": 4, "person": 310, "character": "Poldek Pfefferberg", "film": 304, "LANG": "pl"}}, {"pk": 629, "model": "core.character", "fields": {"importance": 5, "person": 311, "character": "Helen Hirsch", "film": 304, "LANG": "en"}}, {"pk": 630, "model": "core.character", "fields": {"importance": 5, "person": 311, "character": "Helen Hirsch", "film": 304, "LANG": "pl"}}, {"pk": 631, "model": "core.character", "fields": {"importance": 6, "person": 312, "character": "Wiktoria Klonowska", "film": 304, "LANG": "en"}}, {"pk": 632, "model": "core.character", "fields": {"importance": 6, "person": 312, "character": "Wiktoria Klonowska", "film": 304, "LANG": "pl"}}, {"pk": 633, "model": "core.character", "fields": {"importance": 7, "person": 313, "character": "Wilek Chilowicz", "film": 304, "LANG": "en"}}, {"pk": 634, "model": "core.character", "fields": {"importance": 7, "person": 313, "character": "Wilek Chilowicz", "film": 304, "LANG": "pl"}}, {"pk": 635, "model": "core.character", "fields": {"importance": 8, "person": 314, "character": "Marcel Goldberg", "film": 304, "LANG": "en"}}, {"pk": 636, "model": "core.character", "fields": {"importance": 8, "person": 314, "character": "Marcel Goldberg", "film": 304, "LANG": "pl"}}, {"pk": 637, "model": "core.character", "fields": {"importance": 9, "person": 315, "character": "Ingrid", "film": 304, "LANG": "en"}}, {"pk": 638, "model": "core.character", "fields": {"importance": 9, "person": 315, "character": "Ingrid", "film": 304, "LANG": "pl"}}, {"pk": 897, "model": "core.character", "fields": {"importance": 0, "person": 449, "character": "Juror #1", "film": 447, "LANG": "en"}}, {"pk": 898, "model": "core.character", "fields": {"importance": 0, "person": 449, "character": "Juror #1", "film": 447, "LANG": "pl"}}, {"pk": 899, "model": "core.character", "fields": {"importance": 1, "person": 450, "character": "Juror #2", "film": 447, "LANG": "en"}}, {"pk": 900, "model": "core.character", "fields": {"importance": 1, "person": 450, "character": "Juror #2", "film": 447, "LANG": "pl"}}, {"pk": 901, "model": "core.character", "fields": {"importance": 2, "person": 451, "character": "Juror #3", "film": 447, "LANG": "en"}}, {"pk": 902, "model": "core.character", "fields": {"importance": 2, "person": 451, "character": "Juror #3", "film": 447, "LANG": "pl"}}, {"pk": 903, "model": "core.character", "fields": {"importance": 3, "person": 452, "character": "Juror #4", "film": 447, "LANG": "en"}}, {"pk": 904, "model": "core.character", "fields": {"importance": 3, "person": 452, "character": "Juror #4", "film": 447, "LANG": "pl"}}, {"pk": 905, "model": "core.character", "fields": {"importance": 4, "person": 453, "character": "Juror #5", "film": 447, "LANG": "en"}}, {"pk": 906, "model": "core.character", "fields": {"importance": 4, "person": 453, "character": "Juror #5", "film": 447, "LANG": "pl"}}, {"pk": 907, "model": "core.character", "fields": {"importance": 5, "person": 454, "character": "Juror #6", "film": 447, "LANG": "en"}}, {"pk": 908, "model": "core.character", "fields": {"importance": 5, "person": 454, "character": "Juror #6", "film": 447, "LANG": "pl"}}, {"pk": 909, "model": "core.character", "fields": {"importance": 6, "person": 455, "character": "Juror #7", "film": 447, "LANG": "en"}}, {"pk": 910, "model": "core.character", "fields": {"importance": 6, "person": 455, "character": "Juror #7", "film": 447, "LANG": "pl"}}, {"pk": 911, "model": "core.character", "fields": {"importance": 7, "person": 456, "character": "Juror #8", "film": 447, "LANG": "en"}}, {"pk": 912, "model": "core.character", "fields": {"importance": 7, "person": 456, "character": "Juror #8", "film": 447, "LANG": "pl"}}, {"pk": 913, "model": "core.character", "fields": {"importance": 8, "person": 457, "character": "Juror #9", "film": 447, "LANG": "en"}}, {"pk": 914, "model": "core.character", "fields": {"importance": 8, "person": 457, "character": "Juror #9", "film": 447, "LANG": "pl"}}, {"pk": 915, "model": "core.character", "fields": {"importance": 9, "person": 458, "character": "Juror #10", "film": 447, "LANG": "en"}}, {"pk": 916, "model": "core.character", "fields": {"importance": 9, "person": 458, "character": "Juror #10", "film": 447, "LANG": "pl"}}, {"pk": 929, "model": "core.character", "fields": {"importance": 0, "person": 467, "character": "Ellis", "film": 465, "LANG": "en"}}, {"pk": 930, "model": "core.character", "fields": {"importance": 0, "person": 467, "character": "Ellis", "film": 465, "LANG": "pl"}}, {"pk": 931, "model": "core.character", "fields": {"importance": 1, "person": 468, "character": "Col. Matterson", "film": 465, "LANG": "en"}}, {"pk": 932, "model": "core.character", "fields": {"importance": 1, "person": 468, "character": "Col. Matterson", "film": 465, "LANG": "pl"}}, {"pk": 933, "model": "core.character", "fields": {"importance": 2, "person": 469, "character": "Dr. Spivey", "film": 465, "LANG": "en"}}, {"pk": 934, "model": "core.character", "fields": {"importance": 2, "person": 469, "character": "Dr. Spivey", "film": 465, "LANG": "pl"}}, {"pk": 935, "model": "core.character", "fields": {"importance": 3, "person": 470, "character": "Miller", "film": 465, "LANG": "en"}}, {"pk": 936, "model": "core.character", "fields": {"importance": 3, "person": 470, "character": "Miller", "film": 465, "LANG": "pl"}}, {"pk": 937, "model": "core.character", "fields": {"importance": 4, "person": 471, "character": "Turkle", "film": 465, "LANG": "en"}}, {"pk": 938, "model": "core.character", "fields": {"importance": 4, "person": 471, "character": "Turkle", "film": 465, "LANG": "pl"}}, {"pk": 939, "model": "core.character", "fields": {"importance": 5, "person": 472, "character": "Warren", "film": 465, "LANG": "en"}}, {"pk": 940, "model": "core.character", "fields": {"importance": 5, "person": 472, "character": "Warren", "film": 465, "LANG": "pl"}}, {"pk": 941, "model": "core.character", "fields": {"importance": 6, "person": 473, "character": "Martini", "film": 465, "LANG": "en"}}, {"pk": 942, "model": "core.character", "fields": {"importance": 6, "person": 473, "character": "Martini", "film": 465, "LANG": "pl"}}, {"pk": 943, "model": "core.character", "fields": {"importance": 7, "person": 474, "character": "Jim Sefelt", "film": 465, "LANG": "en"}}, {"pk": 944, "model": "core.character", "fields": {"importance": 7, "person": 474, "character": "Jim Sefelt", "film": 465, "LANG": "pl"}}, {"pk": 945, "model": "core.character", "fields": {"importance": 8, "person": 475, "character": "Bancini", "film": 465, "LANG": "en"}}, {"pk": 946, "model": "core.character", "fields": {"importance": 8, "person": 475, "character": "Bancini", "film": 465, "LANG": "pl"}}, {"pk": 947, "model": "core.character", "fields": {"importance": 9, "person": 476, "character": "Nurse Itsu", "film": 465, "LANG": "en"}}, {"pk": 948, "model": "core.character", "fields": {"importance": 9, "person": 476, "character": "Nurse Itsu", "film": 465, "LANG": "pl"}}, {"pk": 999, "model": "core.character", "fields": {"importance": 0, "person": 508, "character": "Luke Skywalker", "film": 506, "LANG": "en"}}, {"pk": 1000, "model": "core.character", "fields": {"importance": 0, "person": 508, "character": "Luke Skywalker", "film": 506, "LANG": "pl"}}, {"pk": 1001, "model": "core.character", "fields": {"importance": 1, "person": 509, "character": "Han Solo", "film": 506, "LANG": "en"}}, {"pk": 1002, "model": "core.character", "fields": {"importance": 1, "person": 509, "character": "Han Solo", "film": 506, "LANG": "pl"}}, {"pk": 1003, "model": "core.character", "fields": {"importance": 2, "person": 510, "character": "Princess Leia", "film": 506, "LANG": "en"}}, {"pk": 1004, "model": "core.character", "fields": {"importance": 2, "person": 510, "character": "Princess Leia", "film": 506, "LANG": "pl"}}, {"pk": 1005, "model": "core.character", "fields": {"importance": 3, "person": 511, "character": "Lando Calrissian", "film": 506, "LANG": "en"}}, {"pk": 1006, "model": "core.character", "fields": {"importance": 3, "person": 511, "character": "Lando Calrissian", "film": 506, "LANG": "pl"}}, {"pk": 1007, "model": "core.character", "fields": {"importance": 4, "person": 512, "character": "C-3PO", "film": 506, "LANG": "en"}}, {"pk": 1008, "model": "core.character", "fields": {"importance": 4, "person": 512, "character": "C-3PO", "film": 506, "LANG": "pl"}}, {"pk": 1009, "model": "core.character", "fields": {"importance": 5, "person": 513, "character": "Darth Vader", "film": 506, "LANG": "en"}}, {"pk": 1010, "model": "core.character", "fields": {"importance": 5, "person": 513, "character": "Darth Vader", "film": 506, "LANG": "pl"}}, {"pk": 1011, "model": "core.character", "fields": {"importance": 6, "person": 514, "character": "Chewbacca", "film": 506, "LANG": "en"}}, {"pk": 1012, "model": "core.character", "fields": {"importance": 6, "person": 514, "character": "Chewbacca", "film": 506, "LANG": "pl"}}, {"pk": 1013, "model": "core.character", "fields": {"importance": 7, "person": 515, "character": "R2-D2", "film": 506, "LANG": "en"}}, {"pk": 1014, "model": "core.character", "fields": {"importance": 7, "person": 515, "character": "R2-D2", "film": 506, "LANG": "pl"}}, {"pk": 1015, "model": "core.character", "fields": {"importance": 8, "person": 516, "character": "Yoda", "film": 506, "LANG": "en"}}, {"pk": 1016, "model": "core.character", "fields": {"importance": 8, "person": 516, "character": "Yoda", "film": 506, "LANG": "pl"}}, {"pk": 1017, "model": "core.character", "fields": {"importance": 9, "person": 517, "character": "Ben 'Obi-wan' Kenobi", "film": 506, "LANG": "en"}}, {"pk": 1018, "model": "core.character", "fields": {"importance": 9, "person": 517, "character": "Ben 'Obi-wan' Kenobi", "film": 506, "LANG": "pl"}}, {"pk": 1129, "model": "core.character", "fields": {"importance": 0, "person": 578, "character": "Bruce Wayne / Batman", "film": 576, "LANG": "en"}}, {"pk": 1130, "model": "core.character", "fields": {"importance": 0, "person": 578, "character": "Bruce Wayne / Batman", "film": 576, "LANG": "pl"}}, {"pk": 1131, "model": "core.character", "fields": {"importance": 1, "person": 579, "character": "Joker", "film": 576, "LANG": "en"}}, {"pk": 1132, "model": "core.character", "fields": {"importance": 1, "person": 579, "character": "Joker", "film": 576, "LANG": "pl"}}, {"pk": 1133, "model": "core.character", "fields": {"importance": 2, "person": 580, "character": "Harvey Dent", "film": 576, "LANG": "en"}}, {"pk": 1134, "model": "core.character", "fields": {"importance": 2, "person": 580, "character": "Harvey Dent", "film": 576, "LANG": "pl"}}, {"pk": 1135, "model": "core.character", "fields": {"importance": 3, "person": 581, "character": "Alfred", "film": 576, "LANG": "en"}}, {"pk": 1136, "model": "core.character", "fields": {"importance": 3, "person": 581, "character": "Alfred", "film": 576, "LANG": "pl"}}, {"pk": 1137, "model": "core.character", "fields": {"importance": 4, "person": 582, "character": "Rachel", "film": 576, "LANG": "en"}}, {"pk": 1138, "model": "core.character", "fields": {"importance": 4, "person": 582, "character": "Rachel", "film": 576, "LANG": "pl"}}, {"pk": 1139, "model": "core.character", "fields": {"importance": 5, "person": 583, "character": "Gordon", "film": 576, "LANG": "en"}}, {"pk": 1140, "model": "core.character", "fields": {"importance": 5, "person": 583, "character": "Gordon", "film": 576, "LANG": "pl"}}, {"pk": 1141, "model": "core.character", "fields": {"importance": 6, "person": 4, "character": "Lucius Fox", "film": 576, "LANG": "en"}}, {"pk": 1142, "model": "core.character", "fields": {"importance": 6, "person": 4, "character": "Lucius Fox", "film": 576, "LANG": "pl"}}, {"pk": 1143, "model": "core.character", "fields": {"importance": 7, "person": 584, "character": "Det. Anna Ramirez", "film": 576, "LANG": "en"}}, {"pk": 1144, "model": "core.character", "fields": {"importance": 7, "person": 584, "character": "Det. Anna Ramirez", "film": 576, "LANG": "pl"}}, {"pk": 1145, "model": "core.character", "fields": {"importance": 8, "person": 585, "character": "Det. Michael Wuertz", "film": 576, "LANG": "en"}}, {"pk": 1146, "model": "core.character", "fields": {"importance": 8, "person": 585, "character": "Det. Michael Wuertz", "film": 576, "LANG": "pl"}}, {"pk": 1147, "model": "core.character", "fields": {"importance": 9, "person": 586, "character": "Jonathan Crane / The Scarecrow", "film": 576, "LANG": "en"}}, {"pk": 1148, "model": "core.character", "fields": {"importance": 9, "person": 586, "character": "Jonathan Crane / The Scarecrow", "film": 576, "LANG": "pl"}}]
